country_1,country_2,country_3,country_4,Mitigation_Potential(MtCO2e),Mitigation_Cost($/tCO2e),Mitigation_Potential_at_0($/tCO2e),Mitigation_Potential_at_50($/tCO2e),Mitigation_Potential_at_100($/tCO2e),Mitigation_Potential_at_200($/tCO2e),Mitigation_Potential_at_Average_0($/tCO2e),Mitigation_Potential_at_Average_50($/tCO2e),Mitigation_Potential_at_Average_100($/tCO2e),Mitigation_Potential_at_Average_200($/tCO2e),BAU_Emissions(MtCO2e)
ID,,,,90.0,54.444444444444514,5.400000000000006,56.1,64.6,90.0,13.799999999999997,81.5,90.0,90.0,90.0
ID,MY,,,177.0,23.163841807909613,52.0,83.2,161.4,177.0,130.1,177.0,177.0,177.0,177.0
MY,,,,87.0,26.43678160919541,2.5999999999999943,44.8,87.0,87.0,61.7,87.0,87.0,87.0,87.0
SG,,,,1.2999999999999972,-307.69230769230865,1.2999999999999972,1.2999999999999972,1.2999999999999972,1.2999999999999972,1.2999999999999972,1.2999999999999972,1.2999999999999972,1.2999999999999972,40.0
SG,ID,,,130.0,33.07692307692311,33.5,81.8,130.0,130.0,62.5,130.0,130.0,130.0,130.0
SG,ID,MY,,217.0,18.433179723502302,100.2,150.2,200.3,217.0,166.9,217.0,217.0,217.0,217.0
SG,MY,,,127.0,29.921259842519664,15.599999999999994,49.0,104.7,127.0,82.4,127.0,127.0,127.0,127.0
