country_1,country_2,country_3,country_4,Mitigation_Potential(MtCO2e),Mitigation_Cost($/tCO2e),Mitigation_Potential_at_0($/tCO2e),Mitigation_Potential_at_50($/tCO2e),Mitigation_Potential_at_100($/tCO2e),Mitigation_Potential_at_200($/tCO2e),Mitigation_Potential_at_Average_0($/tCO2e),Mitigation_Potential_at_Average_50($/tCO2e),Mitigation_Potential_at_Average_100($/tCO2e),Mitigation_Potential_at_Average_200($/tCO2e),BAU_Emissions(MtCO2e)
ID,,,,90.0,54.444444444444514,5.400000000000006,56.1,64.6,90.0,13.799999999999997,81.5,90.0,90.0,90.0
ID,MY,,,177.0,40.67796610169489,8.0,58.7,143.2,177.0,92.5,177.0,177.0,177.0,177.0
MY,,,,87.0,26.43678160919541,2.5999999999999943,44.8,87.0,87.0,61.7,87.0,87.0,87.0,87.0
SG,,,,1.2999999999999972,-307.69230769230865,1.2999999999999972,1.2999999999999972,1.2999999999999972,1.2999999999999972,1.2999999999999972,1.2999999999999972,1.2999999999999972,1.2999999999999972,40.0
SG,ID,,,80.7,43.37050805452292,6.599999999999994,56.0,68.3,80.7,19.0,80.7,80.7,80.7,130.0
SG,ID,MY,,175.4,37.62827822120863,9.199999999999989,71.6,154.7,175.4,92.3,175.4,175.4,175.4,217.0
SG,MY,,,77.7,10.296010296010351,3.9000000000000057,40.8,77.7,77.7,65.4,77.7,77.7,77.7,127.0
